ID,Categorie,Nom,Brand,Prix,Type_Contribution,Description,ImageURL,ProductLink,Offert_par
1,Cuisine,"Cocottes en fonte 33cm / 7,5L",Le Creuset,475,unique,Cocotte Le Creuset en fonte pour faire mijoter des bons plats francais quand on est en manque du pays,https://www.lecreuset.fr/on/demandware.static/-/Sites-master-catalog-LC/default/dwabe4372b/images/lifestyleImages/Volcanic/CI1178_Volcanic_03.jpg,https://www.lecreuset.fr/fr_FR/p/cocotte-ovale-en-fonte-emaillee/CI1178.html?dwvar_CI1178_color=cerise&dwvar_CI1178_size=33cm-l7-5,
2,Cuisine,Thermomix® TM7,Vorvek,1599,unique,"Le thermomix, pour faire plein de recettes qu'on fait jamais",https://media.vorwerk.com/is/image/vorwerk/FR-eshop-thermomix-tm7-1?wid=633&hei=633&tmst=1740321935706&fmt=webp,https://www.vorwerk.com/fr/fr/c/vorwerk/produits/thermomix/thermomix-tm7,
3,Cuisine,Moules cannelés en cuivre,Baillardan,55,unique,Pour pousser la maitrise du canneles au next level,https://www.baillardran.com/415-large_default/moule-a-canele.jpg,https://www.baillardran.com/fr/moules-a-canele-en-cuivre/38-128-moule-a-canele.html#/81-taille_coffret-unite,
4,Cuisine,Culs de Poule antidérapants,Mathon,76,unique,"Pour ceux qui ne connaissent pas, c'est la vie",https://www.mathon.fr/cdn/shop/files/573900_0_f732d8fe-d16a-474c-b2d2-455ea87e32a8_1200x1200_crop_center.jpg?v=1749636536,https://www.mathon.fr/products/lot-6-bols-en-inox-gradues-avec-base-silicone-10-5-a-24-cm?esl-k=Google|nx|c|m|k|p|t|dc|a20413591620|g20413591620&utm_id=20413591620&utm_source=google&utm_medium=liens_sponso&utm_campaign=Pmax_FR_Art_de_la_table&utm_term=573900&utm_content=pla&utm_creative_format=pmax&gad_source=1&gad_campaignid=19973734741&gbraid=0AAAAAD-0e72wGtGmnt-PqO0rOr26FhQJ-&gclid=Cj0KCQjwgpzIBhCOARIsABZm7vFHOyXQ_dFV2rJc0qkIR3wkXP5Y5lkdTVPW8C2ePiLio4u_LA3z128aAn_nEALw_wcB,
5,Home,Housse de couette xx ,La Redoute,24,unique,Housse de couette en percale de cotton - si doux,"https://cdn.laredoute.com/cdn-cgi/image/width=1200,height=1200,fit=pad,dpr=1/products/6/c/b/6cbc419c92c8bb636b7ed382c5447872.jpg",https://www.laredoute.fr/ppdp/prod-547923109.aspx,
6,Home,Taies d'oreiller,La Redoute,9,unique,Taies d'oreiller assortis aux draps (c'est mieux),"https://cdn.laredoute.com/cdn-cgi/image/width=1200,height=1200,fit=pad,dpr=1/products/c/0/2/c024ebd1f1cb3aacffd89fdde0b5675d.jpg",https://www.laredoute.fr/ppdp/prod-547923108.aspx,
7,Experiences,Valise The Large,Away Travel,375,unique,Valise Navy Blue pour partir en vacaaaances,https://www.awaytravel.com/cdn/shop/files/a37e90f8-e927-4f6c-95ee-23e033f72cc2.jpg?v=1739239279&width=1200,https://www.awaytravel.com/products/large-navy-blue,
8,Voyage de Noce,Billets A/R voyage de noce,FlightGift,1900,partiel,"Si vous voulez nous aider a partir en voyage sans Rayanair, Low Fares",https://www.flightgift.com/media/wp/FG/2025/01/un-billet-davion-sans-date-le-cadeau-voyage-pour-couple-ideal.gif,https://www.flightgift.com/fr/give/,
9,Cuisine,Planche à découper,John Boos Block,150,unique,"Une planche à découper, boît d'erable (il parait que le saucisson est encore meilleur après)",https://www.divertimenti.co.uk/cdn/shop/products/Boos-Classic-End-Grain-Maple-Preparation-Block---51cm_800x.jpg?v=1655312581,https://www.divertimenti.co.uk/collections/boos-boards/products/boos-blocks-classic-end-grain-maple-preparation-block-51cm,
10,Electronique,Enceinte Devialet Phantom 98dB,Devialet,1500,partiel,"L'enceinte parfaite, pour un son parfait (et francais)",https://assets.devialet.com/en-eu/media/dvl_media/GX887_Visual_Packshot_Devialet_Phantom_Ultimate_98dB_LP_5_1.png?twic=v1/background=FFFFFF/contain=1000x327,https://www.devialet.com/en-eu/phantom-speaker/phantom-ultimate-98db/,
11,Cuisine,Poêle en Inox,Cristel,120,unique,Une poêle en inox (mieux que le teflon),https://www.cristel.com/ressources/produits/photos/fp_ambiance_table_poele_inox_castelpro_cristel.jpg,https://www.cristel.com/fr/produits/poele-professionnelle-en-inox-multiply-castel-pro-fixe,
12,Home,Set de bain,Bonsoir,175,unique,Des serviettes assortis parce que maintenant on est adulte,https://cdn.shopify.com/s/files/1/2171/4151/files/bonsoirs-set-bain-moelleux-rayure-jeu-pp-1.png?width=1940,https://www.bonsoirs.com/fr-fr/products/set-de-bain-moelleux-rayure-jeu,
13,Cuisine,Sel & Poivre (crème & bleu),Addison Ross,45,unique,Un sellier et/ou poivrier pour quand on recoit,https://www.monbistro.se/cdn/shop/files/Sk_C3_A4rmavbild_2B2025-03-24_2Bkl._2B08.46.52_7c663f3a-a482-4a22-b45b-675501bd1f43.webp?v=1756460025&width=1445,https://www.anthropologie.com/en-gb/shop/addison-ross-lacquered-minibob-salt-pepper-mill?color=012&type=REGULAR&size=One+Size&quantity=1,
14,Home,Peignoirs,Bonsoirs,119,unique,Le peignoir pour aller avec la serviette (il parait que le peignoir c'est gamechanger ?) - taille S & M,https://cdn.shopify.com/s/files/1/2171/4151/files/Bonsoirs-peignoir-moelleux-rayure-jeu-pp-1-1_a4479d07-96bd-4bc4-ab18-dd4c88cfce37.png?width=1440,https://www.bonsoirs.com/fr-fr/products/peignoir-moelleux-rayure-jeu?size=S,
15,Cuisine,Bouilloir,Smeg,200,unique,La bouilloir assortie au grill pain (et tu peux même choisir la temperature),https://www.smeg.com/binaries/content/gallery/smeg-france/content_elements/hilights/functions-2-klf04.jpg/functions-2-klf04.jpg/brx%3ApostcardDeskLarge,https://donaghybros.ie/smeg-klf04pbuk-50-s-style-variable-temperature-kettle-pastel-blue.html,
16,Cuisine,Robot Patissier,Smeg,490,partiel,Le robot patissier pour clairement ne plus s'embeter à melanger,https://image.darty.com/petit_electromenager/robots_cuisine-robot/robot_patissier/smeg_smf03pbeu_s2301317479727F_110910986.jpg,https://www.darty.com/nav/achat/petit_electromenager/robots_cuisine-robot/robot_patissier/smeg_smf03pbeu.html,
17,Electronique,Air Tags,Apple,129,unique,Pour eviter de perdre nos affaires,https://store.storeimages.cdn-apple.com/1/as-images.apple.com/is/airtag-witb-202104?wid=600&hei=600&fmt=jpeg&qlt=90&.v=YURXOCtZQTdYOGlnRitPSjIzMHBkY0ZYcjRTeDl4U3JvbFlqUjZlbExkTXdwbExaVnI3RWJOQTlXSzBhOGtyV1pJKzh2bXZLU0VBb3poRzNjczhaTmo4a0pEeU5mc3RBRFJXS25FWGNMUHM,https://www.apple.com/ie/shop/buy-airtag/airtag/4-pack,
18,Experiences,Diner Chapter One (⭐⭐),Chapter One,640,partiel,"C'est LE restaurant qu'il faut faire à Dublin, on attend juste la bonne occasion",https://chapteronerestaurant.com/wp-content/uploads/2022/04/Demi_Salle.jpg,https://chapteronerestaurant.com/,
19,Cuisine,Set de casseroles Inox,Alessi,485,partiel,Jeu de 9 casseroles inox. Pour cuisiner quoi,https://cdn-images.farfetch-contents.com/19/49/67/31/19496731_43622173_1000.jpg,https://alessi.com/fr/products/pots-pans-pots-and-pans-set-9-pieces,
20,Home,Bubble,Rochebobois,3300,partiel,"On a pas la place maintenant mais si vous voulez nous l'offrir, on sera tous content de pouvoir s'asseoir dessus",https://assets.wfcdn.com/im/26078022/compr-r85/2993/299386977/Basilius.jpg,https://www.roche-bobois.com/en-IE/product/bubble-armchair-/A942181820.html,
21,Cuisine,Set de 24 couverts,Sabre Paris,215,unique,"Des beaux couverts, pour manger tout ce qu'on aura longuement cuisiné",https://sabre-paris.com/cdn/shop/files/2346-024-0002-3.jpg?v=1763165382&width=1300,https://sabre-paris.com/en/products/bistrot-uni-ivoire_8562,
22,Cuisine,Cocotte 8en1,Cookut,129,unique,"Une cocotte à tout faire (four, plaque etc)",https://www.cookut.com/img/cms/New%20Landing%20Page/new%20new.png,https://www.cookut.com/en/my-customisable-casserole-dish,
23,Voyage de Noce,Nuit Four Seasons,Four Seasons,2500,partiel,C'est le genre d'hotel qu'on fera qu'une fois dans notre vie,"https://www.fourseasons.com/alt/img-opt/~80.3060.0,0000-0,0000-1600,0000-900,0000/publish/content/dam/fourseasons/images/web/BOR/BOR_1431_aspect16x9.jpg",https://www.fourseasons.com/borabora/accommodations/overwater_bungalows/one-bedroom-beach-view-overwater-bungalow-suite/,
24,Voyage de Noce,Plongées,Centre de plongé local,350,unique,"Quitte à être sur place, autant voir plein de petits poissons non ? ","https://static.wixstatic.com/media/6b2dee_ad73c51ac197451886f6e58840707f51~mv2.jpg/v1/fill/w_846,h_558,al_c,q_85,usm_0.66_1.00_0.01,enc_avif,quality_auto/Bora%20Bora%20Ocean%20Adventures%20-%20Scuba%20Diving-109.jpg",,
25,Home,Grande Serviette pour Elise,Bonsoirs,65,unique,Serviette taille 100x150,https://cdn.shopify.com/s/files/1/2171/4151/files/bonsoirs-serviette-bain-wavy-raye-terracotta-rose-pp-2-gads.jpg?width=1440,https://www.bonsoirs.com/fr-fr/products/serviette-de-bain-wavy-raye-terracotta-rose?size=100x150,
26,Home,Grande Serviette pour Maxime,Bonsoirs,65,unique,Serviette taille 100x150,https://cdn.shopify.com/s/files/1/2171/4151/files/bonsoirs-serviette-bain-wavy-raye-vert-foret-celadon-pp-2-gads.jpg?width=1440,https://www.bonsoirs.com/fr-fr/products/serviette-de-bain-wavy-raye-vert-bleu?size=100x150,
27,Home,Petite serviette pour Elise,Bonsoirs,35,unique,Serviette taille 50x100,https://cdn.shopify.com/s/files/1/2171/4151/files/bonsoirs-serviette-detoilette-wavy-raye-terracotta-rose-pp-5.jpg?width=1440,https://www.bonsoirs.com/fr-fr/products/serviette-de-bain-wavy-raye-terracotta-rose?size=50x100,
28,Home,Petite serviette pour Maxime,Bonsoirs,35,unique,Serviette taille 50x100,https://cdn.shopify.com/s/files/1/2171/4151/files/bonsoirs-drap-de-bain-wavy-raye-vert-foret-celadon-pp-1_f391ac57-8970-47ad-93f9-0b56649a3f59.png?width=1440,https://www.bonsoirs.com/fr-fr/products/serviette-de-bain-wavy-raye-vert-bleu?size=50x100,